<?xml version="1.0" encoding="UTF-8"?>
<?xml-model href="http://www.tei-c.org/release/xml/tei/custom/schema/relaxng/tei_all.rng" type="application/xml" schematypens="http://relaxng.org/ns/structure/1.0"?>

<TEI xmlns="http://www.tei-c.org/ns/1.0">
   <teiHeader>
      <fileDesc>
         <titleStmt>
            <title>Πιλοτική ψηφιακή έκδοση αλληλογραφίας</title>
            <editor>Αννα-Μαρία Σιχάνη <email>anna-maria.sichani@huygens.knaw.nl</email></editor>
         </titleStmt>
         <publicationStmt>
            <publisher>
               <ref target="https://dixit-eu.github.io/Digital-Scholarly-EditionsGR-workshop/">
                  Σεμινάριο DiXiT, 24-28 Απριλίου 2017</ref>
            </publisher>
            <date when="2017-03-06"/>
            <availability>
               <licence target="https://creativecommons.org/licenses/by/3.0/">CC-BY 3.0</licence>
            </availability>
         </publicationStmt>
         <sourceDesc>
            <bibl type="CD-rom">
               <title> Πιλοτικό Πρόγραμμα Ψηφιακής Έκδοσης Αλληλογραφίας: Η Περίπτωση της
                  Αλληλογραφίας Τσίρκα και Παπαϊωάννου</title>
               <publisher>Μορφωτικό Ίδρυμα Εθνικής Τραπέζης - Εθνικό Λογοτεχνικό και Ιστορικό
                  Αρχείο</publisher>
               <date>2004</date>
            </bibl>
         </sourceDesc>
      </fileDesc>
      <profileDesc>
         <particDesc>
            <listPerson>
               <person xml:id="ST">
                  <persName>
                     <forename>Στρατής</forename>
                     <surname>Τσίρκας</surname>
                  </persName>
                  <birth when="1911-06-23"><placeName ref="#cairo">Cairo</placeName>, 23 July
                     1911</birth>
                  <death when="1980-01-27"><placeName ref="#athens">Athens</placeName>, 27
                     January 1980</death>
                  <sex value="M">male</sex>
                  <idno type="VIAF">64012589</idno>
               </person>
               <person xml:id="MP">
                  <persName>
                     <forename>Μ.Μ.</forename>
                     <surname>Παπαϊωάννου</surname>
                  </persName>
                  <birth when="1912">1912</birth>
                  <death when="1955">1955</death>
                  <sex value="M">male</sex>
                  <idno type="VIAF">39787655</idno>
               </person>
            </listPerson>
         </particDesc>
         <settingDesc>
            <listPlace>
               <place xml:id="alexandria">
                  <placeName>Alexandria</placeName>
                  <country>Egypt</country>
                  <location>
                     <geo>31.200092, 29.918739</geo>
                  </location>
               </place>
               <place xml:id="cairo">
                  <placeName>Cairo</placeName>
                  <country>Egypt</country>
                  <location>
                     <geo>30.044420, 31.235712</geo>
                  </location>
               </place>
               <place xml:id="athens">
                  <placeName>Athens</placeName>
                  <country>Greece</country>
                  <location>
                     <geo>37.983810, 23.727539</geo>
                  </location>
               </place>
            </listPlace>
         </settingDesc>
      </profileDesc>
   </teiHeader>
   <text>
      <body>
         <div type="letter">
         <opener>
            <dateline><placeName ref="#alexandria">Αλεξ.</placeName> <date when="1957-03-25">25 Μαρτίου 1957</date></dateline>
            <salute>Αγαπητέ μου <persName ref="#MP"><forename>Μιχάλη</forename></persName></salute>
         </opener>

         <p>Δυο λόγια βιαστικά για να προφτάσω. Ο <persName><forename>Τάκης
            </forename></persName>μου λέει πως το βιβλίο μου τυπώνεται προσεχώς. Μακάρι, αλλά και να
            μην είναι αλήθεια μη χαλάς την καρδιά σου. Πάντως μη λογαριάζεις απάνω μου για
            διορθώσεις ή υποδείξεις γιατί εγώ στις <date when="1957-04-12">12 Απριλίου</date> φεύγω
            για το <placeName>Βερολίνο</placeName>. Ετοιμάζω μια ανακοίνωση στο Συνέδριο: Κ.Π.
            Καβάφη: Περιμένοντας τους βαρβάρους – Πηγές του ποιήματος και περιστάσεις της σύνθεσής
            του. </p>
            <p>Αλλά τι λέω; Εσύ δεν θάρθεις; Δύσκολο ή αδύνατο; Κι ο <persName><forename> Τάσος </forename></persName>; Πες του να χαρείς πως
            πηγαίνω ίσως αυτό σας κάνει και τους δυο να τ’ αποφασίσετε. Ποιος άλλος θα πάει;
                  Ο<persName><surname> Ρίτσος</surname></persName>; Φυσικά ο
                  <persName><forename>Άγις </forename><surname>Θέρος</surname></persName>. Μα ο
                  <persName><surname>Αυγέρης</surname></persName>; </p>
         <p>Περιμένω δυο λόγια από σένα ή τον <persName><forename>Τάσο</forename></persName>.</p>
         <p>Παρακαλώ τον διορθωτή του βιβλίου μου να προσέξει τις ξενικές λέξεις και τα ονόματα.
            Στην <bibl type="journal"><title>«Αυγή»</title></bibl> πριν λίγο καιρό αναδημοσιέψανε το
            <bibl type="article"><title>«Πάλεμα με τη σμύρνα»</title></bibl>. Παντού όπου λέω Αλμπινός ή
            αλμπινός, αυτοί βάλανε Αλμπ<emph>ρι</emph>νός. Τι διάβολο δεν ξέρουν τι είναι ο
            αλμπινός; </p>
         <p>Με συγχωρείς που σου γράφω τόσο σπασμωδικά. Έχω πολλές δουλειές να τελειώσω πριν
            φύγω.-</p>
         <p>Τι έπαθες πια και βουβάθηκες;</p>
         <closer>
            <salute>Σε φιλώ 
               <persName ref="#ST">ΣΤσίρκας</persName>
            </salute>
         </closer>
     </div>
    </body>
   </text>
</TEI>
