<?xml version="1.0" encoding="UTF-8"?>
<?xml-model href="http://www.tei-c.org/release/xml/tei/custom/schema/relaxng/tei_lite.rng" type="application/xml" schematypens="http://relaxng.org/ns/structure/1.0"?>
<?xml-model href="http://www.tei-c.org/release/xml/tei/custom/schema/relaxng/tei_lite.rng" type="application/xml"
	schematypens="http://purl.oclc.org/dsdl/schematron"?>
<TEI xmlns="http://www.tei-c.org/ns/1.0">
   <teiHeader>
      <fileDesc>
         <titleStmt>
            <title>Κώστας Καρυωτάκης, Σονέτο</title>
         </titleStmt>
         <publicationStmt>
            <p>DiXiT Workshop 'Scholarly Digital Editions and Modern Greek Studies'</p>
         </publicationStmt>
         <sourceDesc>
            <p>Workshop materials</p>
         </sourceDesc>
      </fileDesc>
   </teiHeader>
   <text>
      <body>
         <div type="sonnet">
            <lg type="quatrain">
               <l>Τα φύλλα κιτρινίσανε και, πέφτοντας στο χ<rhyme label="A">ώμα</rhyme>,</l>
               <l>ξεχύνονται σ’ αφάνταστο, σ’ απότρελο χ<rhyme label="B">ορό</rhyme>.</l>
               <l>Τα λουλουδάκια κλείσανε το θεϊκό τους στ<rhyme label="A">όμα</rhyme></l>
               <l>και γέρνουν άθελα στη γη, κοπάδι θλιβ<rhyme label="B">ερό</rhyme>.</l>
            </lg>
            <lg type="quatrain">
               <l>Ο ήλιος που άλλοτε, που χθες, προχθές ακ<rhyme label="A">όμα</rhyme>,</l>
               <l>εσκόρπιζε το γέλιο του, ψηλά, το λαμπ<rhyme label="B">ερό</rhyme>,</l>
               <l>σκυθρώπασε, και έπνιξε τ’ ολόχρυσό του χρ<rhyme label="A">ώμα</rhyme></l>
               <l>στα μολυβένια σύννεφα που πέρα εκεί θ<rhyme label="B">ωρώ</rhyme>.</l>
            </lg>
            <lg type="tercet">
               <l>Η θάλασσα εφούσκωσε κι εθέριεψε το κ<rhyme label="C">ύμα</rhyme>,</l>
               <l>στο πεζοδρόμι η βροχή χτυπάει ρυθμ<rhyme label="D">ικά</rhyme></l>
               <l>και του διαβάτη βιαστικό ακούγεται το β<rhyme label="C">ήμα</rhyme>.</l>
            </lg>
            <lg type="tercet">
               <l>Απ’ τη βροχή ετρόμαξαν τ’ αθώα χελιδ<rhyme label="E">όνια</rhyme></l>
               <l>και σαν πετάνε φαίνεται πως λένε μυστ<rhyme label="D">ικά</rhyme>:</l>
               <l>«Εμπρός, εμπρός, να φύγουμε, θ’ αρχίσουνε τα χι<rhyme label="E">όνια</rhyme>.</l>
            </lg>
         </div>
      </body>
   </text>
</TEI>
